{
  "status": "healthy",
  "timestamp": "2026-02-25T04:00:16.361660",
  "pid": 50256,
  "uptime_seconds": 7148776.697289,
  "updates": 61222,
  "errors": 15,
  "consecutive_errors": 0,
  "restarts": 52,
  "memory_events": 100,
  "tracked_apps": 12
}