{
  "status": "healthy",
  "timestamp": "2026-02-23T03:59:40.030105",
  "pid": 57516,
  "uptime_seconds": 6975940.365734,
  "updates": 48845,
  "errors": 11,
  "consecutive_errors": 0,
  "restarts": 48,
  "memory_events": 100,
  "tracked_apps": 9
}