{
  "status": "healthy",
  "timestamp": "2026-02-24T04:00:19.841898",
  "pid": 39612,
  "uptime_seconds": 7062380.177527,
  "updates": 54935,
  "errors": 14,
  "consecutive_errors": 0,
  "restarts": 51,
  "memory_events": 100,
  "tracked_apps": 11
}